Facility Name,Category,Type,City,State,Start date,Gas Flow to project (scfm),Source,Date updated,Latitude,Longitude,x,y
121 Regional Disposal Facility,Landfill,Vehicle Fuel - Pipeline Injection,Melissa,TX,12/15/2017,4285,https://www.epa.gov/lmop/landfill-gas-energy-project-data-and-landfill-technical-data,2/28/2022,33.295432,-96.518814,-10744425.226450685,3934583.595361043
4K Dairy Digester,Ag digester,CNG,Pixley,CA,2020,,https://www.epa.gov/agstar/livestock-anaerobic-digester-database,9/29/2021,35.946611,-119.399228,-13291461.262069972,4293277.612506976
ABEC Lakeview Farms Dairy Digester,Ag digester,Electricity; CNG,Bakersfield,CA,2018,250,https://www.epa.gov/agstar/livestock-anaerobic-digester-database,9/29/2021,35.215125,-119.203477,-13269670.360427698,4193154.337982515
Ackerman Dairy Digester,Ag digester,Boiler/Furnace fuel; CNG,Ceres,CA,2020,,https://www.epa.gov/agstar/livestock-anaerobic-digester-database,9/29/2021,37.537108,-120.952566,-13464378.057259815,4514239.502156251
AgPower Jerome LLC - Double A Dairy Digester,Ag digester,Pipeline Gas,Jerome,ID,2011,,https://www.epa.gov/agstar/livestock-anaerobic-digester-database,9/29/2021,42.669064,-114.616495,-12759049.859909786,5261734.904686774
"Alliance SLF; Keystone Sanitary Landfill, Inc.",Landfill,Vehicle Fuel - Pipeline Injection,,,12/30/2021,,https://www.epa.gov/lmop/landfill-gas-energy-project-data-and-landfill-technical-data,2/28/2022,41.427,-75.608,-8416644.059897829,5075529.552419701
Altamont Landfill & Resource Recovery Facility,Landfill,Vehicle Fuel - Local Use,Livermore,CA,9/1/2009,2410,https://www.epa.gov/lmop/landfill-gas-energy-project-data-and-landfill-technical-data,2/28/2022,37.75,-121.65667,-13542758.556005321,4544169.146645438
American LF,Landfill,Vehicle Fuel - Pipeline Injection,Waynesburg,OH,4/1/2004,1660,https://www.epa.gov/lmop/landfill-gas-energy-project-data-and-landfill-technical-data,2/28/2022,40.72,-81.264,-9046267.099824583,4971129.040475635
Apex Sanitary Landfill,Landfill,Vehicle Fuel - Pipeline Injection,Amsterdam,OH,8/14/2018,2014,https://www.epa.gov/lmop/landfill-gas-energy-project-data-and-landfill-technical-data,2/28/2022,40.435,-80.91,-9006860.000083763,4929358.117761689
Arlington LF,Landfill,Vehicle Fuel - Pipeline Injection,Euless,TX,12/1/2019,2322,https://www.epa.gov/lmop/landfill-gas-energy-project-data-and-landfill-technical-data,2/28/2022,32.8,-97.108334,-10810050.292663135,3868787.2980985106
Atascocita RDF,Landfill,Vehicle Fuel - Pipeline Injection,Humble,TX,5/2/2018,4222,https://www.epa.gov/lmop/landfill-gas-energy-project-data-and-landfill-technical-data,2/28/2022,29.958334,-95.238334,-10601882.844879713,3498195.1912363973
Aukeman Farms Dairy Digester,Ag digester,CNG,Tulare,CA,2021,,https://www.epa.gov/agstar/livestock-anaerobic-digester-database,9/29/2021,36.10308756,-119.3737246,-13288622.236568475,4314815.348245019
BV Dairy Digester,Ag digester,CNG,Bakersfield,CA,2020,,https://www.epa.gov/agstar/livestock-anaerobic-digester-database,9/29/2021,35.214691,-119.2129906,-13270729.409535307,4193095.2033908614
Belonave Dairy Digester,Ag digester,CNG,Bakersfield,CA,2021,,https://www.epa.gov/agstar/livestock-anaerobic-digester-database,9/29/2021,35.25092412,-119.1562492,-13264412.985780412,4198033.229856413
Billings City Landfill,Landfill,Vehicle Fuel - Pipeline Injection,Billings,MT,12/7/2010,622,https://www.epa.gov/lmop/landfill-gas-energy-project-data-and-landfill-technical-data,2/28/2022,45.7254,-108.545,-12083174.12815588,5736453.047515728
Blue Ridge LF,Landfill,Vehicle Fuel - Pipeline Injection,Fresno,TX,11/30/2018,6806,https://www.epa.gov/lmop/landfill-gas-energy-project-data-and-landfill-technical-data,2/28/2022,29.5559,-95.4419,-10624543.708342537,3446591.709919192
Bos Dairy Digester,Ag digester,CNG,Fair Oaks,IN,2005,,https://www.epa.gov/agstar/livestock-anaerobic-digester-database,9/29/2021,41.115392,-87.237309,-9711212.816055462,5029376.885312994
Bos Farms Dairy Digester,Ag digester,CNG,Tulare,CA,2021,,https://www.epa.gov/agstar/livestock-anaerobic-digester-database,9/29/2021,36.16258075,-119.2365636,-13273353.543891778,4323015.354409456
Boxler Dairy Digester,Ag digester,Cogeneration; Pipeline Gas,Varysburg,NY,2009,,https://www.epa.gov/agstar/livestock-anaerobic-digester-database,9/29/2021,42.762484,-78.312933,-8717755.82408775,5275889.084009902
Boyd County Sanitary Landfill,Landfill,Other - Pipeline Injection,Ashland,KY,5/13/2021,2153,https://www.epa.gov/lmop/landfill-gas-energy-project-data-and-landfill-technical-data,2/28/2022,38.3718,-82.747,-9211353.904671008,4632082.647941949
Butler County Landfill Inc.,Landfill,Vehicle Fuel - Pipeline Injection,David City,NE,7/26/2019,750,https://www.epa.gov/lmop/landfill-gas-energy-project-data-and-landfill-technical-data,2/28/2022,41.2613,-97.0423,-10802699.421408093,5050960.088736115
Carter Valley Landfill,Landfill,Vehicle Fuel - Pipeline Injection,Church Hill,TN,4/1/2009,1200,https://www.epa.gov/lmop/landfill-gas-energy-project-data-and-landfill-technical-data,2/28/2022,36.5417,-82.7917,-9216329.885909468,4375416.754932296
Cedar Hills Regional LF,Landfill,Vehicle Fuel - Pipeline Injection,Maple Valley,WA,10/1/2010,8333,https://www.epa.gov/lmop/landfill-gas-energy-project-data-and-landfill-technical-data,2/28/2022,47.442,-122.06,-13587657.046226973,6014520.518737718
Charles M Hinton Jr Regional Landfill,Landfill,Vehicle Fuel - Pipeline Injection,Rowlett,TX,10/31/2021,,https://www.epa.gov/lmop/landfill-gas-energy-project-data-and-landfill-technical-data,2/28/2022,32.959,-96.543,-10747117.59965501,3889863.1627604007
Circle A Dairy Digester,Ag digester,CNG,Pixley,CA,2018,99,https://www.epa.gov/agstar/livestock-anaerobic-digester-database,9/29/2021,35.989403,-119.368347,-13288023.604874786,4299163.339138255
City of Charleston Landfill,Landfill,Vehicle Fuel - Pipeline Injection,Charleston,WV,2/1/2018,470,https://www.epa.gov/lmop/landfill-gas-energy-project-data-and-landfill-technical-data,2/28/2022,38.31279,-81.61854,-9085734.31209043,4623707.271612217
City of Edinburg Landfill,Landfill,Vehicle Fuel - Pipeline Injection,Edinburg,TX,5/3/2016,1549,https://www.epa.gov/lmop/landfill-gas-energy-project-data-and-landfill-technical-data,2/28/2022,26.397651,-98.125471,-10923277.465570133,3048415.6654430805
"Clover Hill Dairy, LLC Digester",Ag digester,Pipeline Gas,Campbellsport,WI,2007,80,https://www.epa.gov/agstar/livestock-anaerobic-digester-database,9/29/2021,43.565073,-88.371072,-9837422.735895716,5398381.08053249
Cloverdale Dairy Digester,Ag digester,CNG,Hanford,CA,2021,,https://www.epa.gov/agstar/livestock-anaerobic-digester-database,9/29/2021,36.19019886,-119.6541509,-13319839.149489518,4326824.10097049
Coastal Plains RDF,Landfill,Vehicle Fuel - Pipeline Injection,Alvin,TX,12/31/2020,,https://www.epa.gov/lmop/landfill-gas-energy-project-data-and-landfill-technical-data,2/28/2022,29.424167,-95.190834,-10596595.169067033,3429744.5599505217
Cornerstone Dairy Digester,Ag digester,CNG,Tipton,CA,2019,,https://www.epa.gov/agstar/livestock-anaerobic-digester-database,9/29/2021,36.019067,-119.380727,-13289401.740170807,4303245.279105562
DJ South Dairy Digester,Ag digester,CNG,Chowchilla,CA,2021,,https://www.epa.gov/agstar/livestock-anaerobic-digester-database,9/29/2021,37.1691465,-120.3746694,-13400046.902016649,4462709.9260081425
Dairy Dreams Digester - pipeline injection,Ag digester,Electricity; Pipeline Gas,Casco,WI,2010,,https://www.epa.gov/agstar/livestock-anaerobic-digester-database,9/29/2021,44.660888,-87.582173,-9749602.900928393,5568292.298632388
Dallmann East River Dairy Digester,Ag digester,Pipeline Gas,Brillion,WI,2012,174,https://www.epa.gov/agstar/livestock-anaerobic-digester-database,9/29/2021,44.117487,-88.061223,-9802930.50299291,5483641.604919262
Dane County Digester - Vienna Digester,Ag digester,Pipeline Gas,Vienna,WI,2011,,https://www.epa.gov/agstar/livestock-anaerobic-digester-database,9/29/2021,43.216318,-89.478245,-9960672.670475777,5344955.82777054
Dane County LF #2-Rodefeld,Landfill,Vehicle Fuel - Pipeline Injection,Madison,WI,4/23/2019,1500,https://www.epa.gov/lmop/landfill-gas-energy-project-data-and-landfill-technical-data,2/28/2022,43.045,-89.254,-9935709.83126284,5318823.815984821
Dane County LF #2-Rodefeld,Landfill,Vehicle Fuel - Local Use,Madison,WI,3/18/2011,49,https://www.epa.gov/lmop/landfill-gas-energy-project-data-and-landfill-technical-data,2/28/2022,43.045,-89.254,-9935709.83126284,5318823.815984821
Decade Dairy Digester,Ag digester,CNG,Tulare,CA,2021,,https://www.epa.gov/agstar/livestock-anaerobic-digester-database,9/29/2021,36.253205,-119.488024,-13301345.98757445,4335518.156235634
Deer Run Dairy Digester,Ag digester,Pipeline Gas,Kewaunee,WI,2012,160,https://www.epa.gov/agstar/livestock-anaerobic-digester-database,9/29/2021,44.366526,-87.66454,-9758771.953426562,5522339.239579133
District 45 Dairy Digester - CNG,Ag digester,CNG,Hancock,MN,2020,,https://www.epa.gov/agstar/livestock-anaerobic-digester-database,9/29/2021,45.497925,-95.795339,-10663888.35784902,5700253.183774952
Dixie Creek Dairy Digester,Ag digester,CNG,Hanford,CA,2021,,https://www.epa.gov/agstar/livestock-anaerobic-digester-database,9/29/2021,36.32180198,-119.5187217,-13304763.239906978,4344991.652763917
Double D Dairy Digester,Ag digester,Boiler/Furnace fuel; CNG,Ceres,CA,2020,,https://www.epa.gov/agstar/livestock-anaerobic-digester-database,9/29/2021,37.527867,-120.955838,-13464742.29463369,4512942.285268972
Double J Dairy Digester,Ag digester,CNG,Visalia,CA,2021,,https://www.epa.gov/agstar/livestock-anaerobic-digester-database,9/29/2021,36.39221932,-119.4274905,-13294607.429178517,4354725.224896405
Double L Dairy Digester,Ag digester,CNG,Hanford,CA,2021,,https://www.epa.gov/agstar/livestock-anaerobic-digester-database,9/29/2021,36.19940375,-119.6417245,-13318455.848969122,4328093.823429603
Douglas County Landfill,Landfill,Vehicle Fuel - Pipeline Injection,Omaha,NE,12/31/2015,639,https://www.epa.gov/lmop/landfill-gas-energy-project-data-and-landfill-technical-data,2/28/2022,41.3357,-96.1101,-10698927.392090602,5061984.149044495
Dubuque Metropolitan SLF,Landfill,Vehicle Fuel - Pipeline Injection,Dubuque,IA,10/15/2021,1000,https://www.epa.gov/lmop/landfill-gas-energy-project-data-and-landfill-technical-data,2/28/2022,42.45501,-90.77686,-10105233.831012284,5229383.308704105
Dykstra Dairy Digester,Ag digester,CNG,Tulare,CA,2021,,https://www.epa.gov/agstar/livestock-anaerobic-digester-database,9/29/2021,36.10218139,-119.4175425,-13293500.022884104,4314690.497962285
El Monte Dairy Digester,Ag digester,CNG,Tipton,CA,2021,,https://www.epa.gov/agstar/livestock-anaerobic-digester-database,9/29/2021,36.08476596,-119.335213,-13284335.14486684,4312291.314692838
FM Jerseys Dairy Digester,Ag digester,CNG,Tipton,CA,2021,,https://www.epa.gov/agstar/livestock-anaerobic-digester-database,9/29/2021,36.08615001,-119.3015916,-13280592.427739084,4312481.964649199
Five H Dairy Digester,Ag digester,CNG,Merced,CA,2021,,https://www.epa.gov/agstar/livestock-anaerobic-digester-database,9/29/2021,37.20504308,-120.4976904,-13413741.53709353,4467725.815681353
Fort Bend Regional Landfill,Landfill,Vehicle Fuel - Pipeline Injection,Needville,TX,6/2/2013,1764,https://www.epa.gov/lmop/landfill-gas-energy-project-data-and-landfill-technical-data,2/28/2022,29.3965,-95.7259,-10656158.443727827,3426209.044979612
Fort Smith SLF,Landfill,Vehicle Fuel - Pipeline Injection,Fort Smith,AR,5/11/2006,2840,https://www.epa.gov/lmop/landfill-gas-energy-project-data-and-landfill-technical-data,2/28/2022,35.2926,-94.3704,-10505264.873957545,4203715.75228216
Franklin County SLF,Landfill,Vehicle Fuel - Pipeline Injection,Rocky Mount,VA,2/1/2014,5556,https://www.epa.gov/lmop/landfill-gas-energy-project-data-and-landfill-technical-data,2/28/2022,39.84186,-83.10904,-9251656.013117803,4842988.346594941
Galveston County LF,Landfill,Vehicle Fuel - Pipeline Injection,Alta Loma,TX,10/2/2019,1094,https://www.epa.gov/lmop/landfill-gas-energy-project-data-and-landfill-technical-data,2/28/2022,29.3881,-95.0559,-10581574.384896332,3425135.8148303423
Glacier Ridge Landfill LLC,Landfill,Vehicle Fuel - Pipeline Injection,Horicon,WI,10/31/2020,2500,https://www.epa.gov/lmop/landfill-gas-energy-project-data-and-landfill-technical-data,2/28/2022,43.465,-88.555,-9857897.507198343,5383019.5579191195
Goodrich Family Farm Digester,Ag digester,Pipeline Gas,Salisbury,VT,2021,266,https://www.epa.gov/agstar/livestock-anaerobic-digester-database,9/29/2021,43.94044,-73.15303,-8143358.049585065,5456229.7576710265
Granger Wood Street Landfill,Landfill,Vehicle Fuel - Pipeline Injection,Lansing,MI,12/31/2021,,https://www.epa.gov/lmop/landfill-gas-energy-project-data-and-landfill-technical-data,2/28/2022,42.76355,-84.55778,-9412929.012209652,5276050.7180403825
Greentree Landfill,Landfill,Electricity - Pipeline Injection,Kersey,PA,7/1/2007,5833,https://www.epa.gov/lmop/landfill-gas-energy-project-data-and-landfill-technical-data,2/28/2022,41.2953,-78.6469,-8754932.860469507,5055996.405551096
Greenwood Farms Landfill,Landfill,Vehicle Fuel - Pipeline Injection,Tyler,TX,4/22/2009,1139,https://www.epa.gov/lmop/landfill-gas-energy-project-data-and-landfill-technical-data,2/28/2022,32.369167,-95.182501,-10595667.543750253,3811867.6834567287
"Grotegut Dairy Farm, Inc. Digester",Ag digester,Cogeneration; CNG,Newton,WI,2009,,https://www.epa.gov/agstar/livestock-anaerobic-digester-database,9/29/2021,43.996685,-87.803724,-9774265.845433135,5464929.193768655
Hamm SLF,Landfill,Vehicle Fuel - Pipeline Injection,Lawrence,KS,7/31/2017,1361,https://www.epa.gov/lmop/landfill-gas-energy-project-data-and-landfill-technical-data,2/28/2022,39.0465,-95.2626,-10604584.123643303,4728334.489009514
Hamstra Dairy Digester,Ag digester,CNG,Tulare,CA,2020,,https://www.epa.gov/agstar/livestock-anaerobic-digester-database,9/29/2021,36.26529343,-119.4073085,-13292360.779215328,4337187.008860441
Herrema Dairy Digester,Ag digester,CNG,Fair Oaks,IN,2002,,https://www.epa.gov/agstar/livestock-anaerobic-digester-database,9/29/2021,41.113513,-87.249933,-9712618.113307236,5029099.250585688
Hilarides Dairy Digester,Ag digester,Electricity; CNG,Lindsay,CA,2004,,https://www.epa.gov/agstar/livestock-anaerobic-digester-database,9/29/2021,36.20300637,-119.08816,-13256833.330707889,4328590.80945427
Hollandia Farms Digester,Ag digester,CNG,Hanford,CA,2021,,https://www.epa.gov/agstar/livestock-anaerobic-digester-database,9/29/2021,36.2040449,-119.5960655,-13313373.112338992,4328734.0802397635
Holsum Dairy - Elm Road Digester,Ag digester,Pipeline Gas,Hilbert,WI,2007,252,https://www.epa.gov/agstar/livestock-anaerobic-digester-database,9/29/2021,44.107163,-88.224128,-9821065.004640589,5482040.908662418
Holsum Dairy - Irish Road Digester,Ag digester,Pipeline Gas,Hilbert,WI,2004,,https://www.epa.gov/agstar/livestock-anaerobic-digester-database,9/29/2021,44.14,-88.164754,-9814455.521194229,5487133.128650702
Hoogendam Dairy Digester,Ag digester,CNG,Merced,CA,2021,,https://www.epa.gov/agstar/livestock-anaerobic-digester-database,9/29/2021,37.23182965,-120.4561591,-13409118.293925544,4471470.302798917
Horizon Jersey Dairy Digester,Ag digester,CNG,Tipton,CA,2021,,https://www.epa.gov/agstar/livestock-anaerobic-digester-database,9/29/2021,36.0841731,-119.3758747,-13288861.58460563,4312209.650510197
Imperial Sanitary Landfill,Landfill,Electricity - Pipeline Injection,Imperial,PA,9/1/2007,2917,https://www.epa.gov/lmop/landfill-gas-energy-project-data-and-landfill-technical-data,2/28/2022,40.43512,-80.29125,-8937981.065155428,4929375.668161485
Jacobus De Groot #2 Dairy Digester,Ag digester,CNG,Visalia,CA,2021,,https://www.epa.gov/agstar/livestock-anaerobic-digester-database,9/29/2021,36.37939734,-119.3428044,-13285180.21564925,4352952.226103916
Jefferson Davis Parish Landfill,Landfill,Vehicle Fuel - Pipeline Injection,Welsh,LA,4/1/2008,1924,https://www.epa.gov/lmop/landfill-gas-energy-project-data-and-landfill-technical-data,2/28/2022,30.27083,-92.865,-10337684.51251735,3538410.234439089
Johnson County LF,Landfill,Vehicle Fuel - Pipeline Injection,,TN,9/1/2001,4722,https://www.epa.gov/lmop/landfill-gas-energy-project-data-and-landfill-technical-data,2/28/2022,39.04226,-94.79455,-10552481.035977513,4727726.764018076
K & M Visser Dairy Digester,Ag digester,CNG,Pixley,CA,2019,,https://www.epa.gov/agstar/livestock-anaerobic-digester-database,9/29/2021,35.960667,-119.371905,-13288419.679623028,4295210.560725059
Laurel Highlands LF,Landfill,Vehicle Fuel - Pipeline Injection,Johnstown,PA,7/1/2006,944,https://www.epa.gov/lmop/landfill-gas-energy-project-data-and-landfill-technical-data,2/28/2022,40.4321,-78.876,-8780436.155810246,4928933.992624408
Legacy Dairy Digester,Ag digester,CNG,Pixley,CA,2019,,https://www.epa.gov/agstar/livestock-anaerobic-digester-database,9/29/2021,35.971839,-119.381959,-13289538.885783462,4296747.153412242
Little Rock Dairy Digester,Ag digester,CNG,Tipton,CA,2020,,https://www.epa.gov/agstar/livestock-anaerobic-digester-database,9/29/2021,36.040576,-119.397743,-13291295.952626145,4306206.004380046
Live Oak LF,Landfill,Vehicle Fuel - Pipeline Injection,Conley,GA,3/1/2009,1653,https://www.epa.gov/lmop/landfill-gas-energy-project-data-and-landfill-technical-data,2/28/2022,33.6706,-84.3428,-9388997.548078913,3984656.9494149885
Lone Oak #1 Dairy Digester,Ag digester,CNG,Hanford,CA,2021,,https://www.epa.gov/agstar/livestock-anaerobic-digester-database,9/29/2021,36.28169854,-119.5286738,-13305871.1026113,4339452.208387842
Maple Dairy Digester,Ag digester,CNG,Bakersfield,CA,2020,,https://www.epa.gov/agstar/livestock-anaerobic-digester-database,9/29/2021,35.20424986,-119.1735194,-13266335.49565031,4191672.6430235067
Maple Leaf Dairy East Digester,Ag digester,Cogeneration; CNG,Cleveland,WI,2010,,https://www.epa.gov/agstar/livestock-anaerobic-digester-database,9/29/2021,43.914994,-87.747308,-9767985.64504054,5452296.718925741
Maple Leaf Dairy West Digester,Ag digester,Electricity; CNG,Cleveland,WI,2010,,https://www.epa.gov/agstar/livestock-anaerobic-digester-database,9/29/2021,43.914075,-87.77,-9770511.706925621,5452154.705967104
McCarty Road LF,Landfill,Vehicle Fuel - Pipeline Injection,Houston,TX,3/1/1986,4417,https://www.epa.gov/lmop/landfill-gas-energy-project-data-and-landfill-technical-data,2/28/2022,29.827501,-95.243334,-10602439.44233368,3481395.9205500428
McCarty Road LF,Landfill,Vehicle Fuel - Pipeline Injection,Houston,TX,5/31/2021,,https://www.epa.gov/lmop/landfill-gas-energy-project-data-and-landfill-technical-data,2/28/2022,29.827501,-95.243334,-10602439.44233368,3481395.9205500428
McCommas Bluff Landfill,Landfill,Vehicle Fuel - Pipeline Injection,Dallas,TX,1/1/2000,7847,https://www.epa.gov/lmop/landfill-gas-energy-project-data-and-landfill-technical-data,2/28/2022,32.684168,-96.718334,-10766635.691253759,3853457.1916427757
Meadow Branch Landfill,Landfill,Vehicle Fuel - Pipeline Injection,Athens,TN,9/28/2011,1361,https://www.epa.gov/lmop/landfill-gas-energy-project-data-and-landfill-technical-data,2/28/2022,35.4828,-84.681,-9426645.7998652,4229686.842436609
Meirinho Dairy Digester,Ag digester,CNG,Merced,CA,2021,,https://www.epa.gov/agstar/livestock-anaerobic-digester-database,9/29/2021,37.21545854,-120.4275282,-13405931.116716594,4469181.631933336
Mellema Dairy Digester,Ag digester,CNG,Visalia,CA,2021,,https://www.epa.gov/agstar/livestock-anaerobic-digester-database,9/29/2021,36.37458385,-119.3611464,-13287222.037749378,4352286.701410893
Milam Recycling and Disposal Facility,Landfill,Vehicle Fuel - Pipeline Injection,East St. Louis,IL,3/1/2015,2340,https://www.epa.gov/lmop/landfill-gas-energy-project-data-and-landfill-technical-data,2/28/2022,38.6547,-90.1302,-10033247.969095906,4672330.31350578
Mineral King Dairy Digester,Ag digester,CNG,Visalia,CA,2021,,https://www.epa.gov/agstar/livestock-anaerobic-digester-database,9/29/2021,36.41288407,-119.3439758,-13285310.615300765,4357583.322471007
Monroeville LF,Landfill,Vehicle Fuel - Pipeline Injection,Monroeville,PA,10/29/2004,1507,https://www.epa.gov/lmop/landfill-gas-energy-project-data-and-landfill-technical-data,2/28/2022,40.405,-79.79,-8882182.1703953,4924971.500042169
Monterey Peninsula SLF,Landfill,Vehicle Fuel - Local Use,Marina,CA,12/31/2020,,https://www.epa.gov/lmop/landfill-gas-energy-project-data-and-landfill-technical-data,2/28/2022,36.71333,-121.76667,-13555003.69999258,4399223.658136849
Moonlight Dairy Digester,Ag digester,Electricity; CNG,Visalia,CA,2020,,https://www.epa.gov/agstar/livestock-anaerobic-digester-database,9/29/2021,36.29105225,-119.4589772,-13298112.51258928,4340743.97148645
North Shelby Landfill,Landfill,Vehicle Fuel - Pipeline Injection,Millington,TN,9/30/2014,1757,https://www.epa.gov/lmop/landfill-gas-energy-project-data-and-landfill-technical-data,2/28/2022,35.327,-89.945,-10012631.59940099,4208408.410130991
Northeast Mississippi Regional Landfill,Landfill,Vehicle Fuel - Pipeline Injection,Walnut,MS,4/19/2018,1229,https://www.epa.gov/lmop/landfill-gas-energy-project-data-and-landfill-technical-data,2/28/2022,34.9477,-88.93775,-9900505.042299466,4156776.0523689836
Northstar Dairy Digester,Ag digester,CNG,Tipton,CA,2021,,https://www.epa.gov/agstar/livestock-anaerobic-digester-database,9/29/2021,36.02001902,-119.2430097,-13274071.120461382,4303376.308068133
Oak Valley Dairy 1 & 4 Compete Mix Digester,Ag digester,Pipeline Gas,Burley,ID,2021,,https://www.epa.gov/agstar/livestock-anaerobic-digester-database,9/29/2021,42.45384229,-113.942206,-12683988.351782281,5229207.127717423
Oak Valley Dairy 1 & 4 Covered Lagoon Digester,Ag digester,Pipeline Gas,Burley,ID,2021,,https://www.epa.gov/agstar/livestock-anaerobic-digester-database,9/29/2021,42.45384229,-113.942206,-12683988.351782281,5229207.127717423
Oak Valley Dairy 5 Complete Mix Digester,Ag digester,Pipeline Gas,Burley,ID,2021,,https://www.epa.gov/agstar/livestock-anaerobic-digester-database,9/29/2021,42.45445138,-113.9140689,-12680856.144137882,5229299.025190759
Oak Valley Dairy 5 Covered Lagoon Digester,Ag digester,Pipeline Gas,Burley,ID,2021,,https://www.epa.gov/agstar/livestock-anaerobic-digester-database,9/29/2021,42.45445138,-113.9140689,-12680856.144137882,5229299.025190759
Oklahoma City Landfill,Landfill,Vehicle Fuel - Pipeline Injection,Oklahoma City,OK,5/1/2008,1792,https://www.epa.gov/lmop/landfill-gas-energy-project-data-and-landfill-technical-data,2/28/2022,35.4455,-97.64,-10869235.081055231,4224588.836646864
Outer Loop RDF,Landfill,Vehicle Fuel - Pipeline Injection,Louisville,KY,6/5/2018,3840,https://www.epa.gov/lmop/landfill-gas-energy-project-data-and-landfill-technical-data,2/28/2022,38.13577,-85.71612,-9541874.831175132,4598623.354598525
Pagels Ponderosa Dairy Digester 2,Ag digester,CNG,Kewaunee,WI,2019,,https://www.epa.gov/agstar/livestock-anaerobic-digester-database,9/29/2021,44.50029,-87.592038,-9750701.067705069,5543192.465288068
Pine Hill LF,Landfill,Vehicle Fuel - Pipeline Injection,Kilgore,TX,7/31/2017,1701,https://www.epa.gov/lmop/landfill-gas-energy-project-data-and-landfill-technical-data,2/28/2022,32.45,-94.832,-10556649.950907718,3822526.154957611
Prairie's Edge Dairy Site 2 Digester 1,Ag digester,Cogeneration; CNG,Fair Oaks,IN,2008,833,https://www.epa.gov/agstar/livestock-anaerobic-digester-database,9/29/2021,41.030099,-87.283098,-9716310.024219396,5016782.273681107
Prairie's Edge Dairy Site 2 Digester 2,Ag digester,CNG,Fair Oaks,IN,2018,,https://www.epa.gov/agstar/livestock-anaerobic-digester-database,9/29/2021,41.030099,-87.283098,-9716310.024219396,5016782.273681107
Rancho Sierra Vista Dairy Digester,Ag digester,CNG,Visalia,CA,2021,,https://www.epa.gov/agstar/livestock-anaerobic-digester-database,9/29/2021,36.38864605,-119.3273584,-13283460.774794454,4354231.090589244
Rancho Teresita Dairy Digester,Ag digester,CNG,Tulare,CA,2021,,https://www.epa.gov/agstar/livestock-anaerobic-digester-database,9/29/2021,36.18562109,-119.2183802,-13271329.377062887,4326192.698977856
Randolph Farms LF,Landfill,Vehicle Fuel - Local Use,Modoc,IN,7/1/2018,200,https://www.epa.gov/lmop/landfill-gas-energy-project-data-and-landfill-technical-data,2/28/2022,40.07745,-85.11042,-9474448.615601648,4877203.493637235
Red Rock Dairy Digester,Ag digester,CNG,Merced,CA,2021,,https://www.epa.gov/agstar/livestock-anaerobic-digester-database,9/29/2021,37.20666646,-120.4641519,-13410008.048351558,4467952.709674361
Renergy - Emerald BioEnergy Digester,Ag digester,Electricity; Boiler/Furnace fuel; CNG,Cardington,OH,2013,140,https://www.epa.gov/agstar/livestock-anaerobic-digester-database,9/29/2021,40.444996,-82.961991,-9235286.593316145,4930820.173447373
Richfield Landfill,Landfill,Vehicle Fuel - Pipeline Injection,Davison,MI,11/1/2006,1410,https://www.epa.gov/lmop/landfill-gas-energy-project-data-and-landfill-technical-data,2/28/2022,43.127376,-83.485555,-9293569.471193835,5331379.913374287
River Birch Landfill,Landfill,Vehicle Fuel - Pipeline Injection,Avondale,LA,6/1/2010,4667,https://www.epa.gov/lmop/landfill-gas-energy-project-data-and-landfill-technical-data,2/28/2022,29.932,-90.258,-10047474.600019285,3494812.0687658517
River Ranch Dairy Digester,Ag digester,CNG,Hanford,CA,2021,,https://www.epa.gov/agstar/livestock-anaerobic-digester-database,9/29/2021,36.24638379,-119.5748608,-13311012.615932569,4334576.576835427
Riverbend Dairy Digester,Ag digester,CNG,Tulare,CA,2021,,https://www.epa.gov/agstar/livestock-anaerobic-digester-database,9/29/2021,36.16072208,-119.2801271,-13278203.010528952,4322759.07794123
Riverview Dairy (CA) Digester,Ag digester,CNG,Pixley,CA,2019,,https://www.epa.gov/agstar/livestock-anaerobic-digester-database,9/29/2021,35.943056,-119.360239,-13287121.026443433,4292788.791713267
Riverview Dairy Digester - CNG,Ag digester,CNG,Morris,MN,2020,,https://www.epa.gov/agstar/livestock-anaerobic-digester-database,9/29/2021,45.561217,-95.916825,-10677412.117507532,5710310.601922423
Riverview Land Preserve,Landfill,Vehicle Fuel - Local Use,Riverview,MI,4/1/2013,97,https://www.epa.gov/lmop/landfill-gas-energy-project-data-and-landfill-technical-data,2/28/2022,42.15621,-83.21208,-9263126.373449145,5184407.741683689
Rob Van Grouw Dairy Digester,Ag digester,CNG,Visalia,CA,2021,,https://www.epa.gov/agstar/livestock-anaerobic-digester-database,9/29/2021,36.39346986,-119.3992437,-13291463.009785976,4354898.162818452
Robert Vander Eyk Dairy Digester,Ag digester,CNG,Pixley,CA,2018,,https://www.epa.gov/agstar/livestock-anaerobic-digester-database,9/29/2021,35.97293,-119.363401,-13287473.01867332,4296897.220796591
Rockshar Dairy Digester,Ag digester,CNG,Merced,CA,2021,,https://www.epa.gov/agstar/livestock-anaerobic-digester-database,9/29/2021,37.1820679,-120.4344778,-13406704.742649809,4464515.180402676
Roeslein Alternative Energy - Green Hills Farm Digester,Ag digester,Pipeline Gas,Unionville,MO,2021,,https://www.epa.gov/agstar/livestock-anaerobic-digester-database,9/29/2021,40.37761,-92.991907,-10351811.735135453,4920968.2251164
Roeslein Alternative Energy - Homan Farm Digester,Ag digester,Pipeline Gas,King City,MO,2020,,https://www.epa.gov/agstar/livestock-anaerobic-digester-database,9/29/2021,40.053273,-94.324591,-10500165.439403795,4873686.7892670855
Roeslein Alternative Energy - Locust Ridge Farm Digester,Ag digester,Pipeline Gas,Harris,MO,2017,,https://www.epa.gov/agstar/livestock-anaerobic-digester-database,9/29/2021,40.304281,-93.301377,-10386261.777951248,4910258.5886291545
Roeslein Alternative Energy - Ruckman Farm Digester,Ag digester,Pipeline Gas,Albany,MO,2016,,https://www.epa.gov/agstar/livestock-anaerobic-digester-database,9/29/2021,40.370708,-94.373609,-10505622.0982035,4919959.697514418
Roeslein Alternative Energy - Somerset Farm Digester,Ag digester,Pipeline Gas,Mercer,MO,2021,,https://www.epa.gov/agstar/livestock-anaerobic-digester-database,9/29/2021,40.549553,-93.40352,-10397632.284699345,4946126.159529611
Roeslein Alternative Energy - South Meadows Farm Digester: RNG,Ag digester,Pipeline Gas,Browning,MO,2020,,https://www.epa.gov/agstar/livestock-anaerobic-digester-database,9/29/2021,40.045931,-93.039377,-10357096.07136341,4872619.093834869
Roeslein Alternative Energy - Valley View Farm Digester,Ag digester,Pipeline Gas,Green City,MO,2017,,https://www.epa.gov/agstar/livestock-anaerobic-digester-database,9/29/2021,40.268236,-92.953204,-10347503.33688328,4904998.5100211995
Roeslein Alternative Energy - Whitetail Farm Digester,Ag digester,Pipeline Gas,Unionville,MO,2021,,https://www.epa.gov/agstar/livestock-anaerobic-digester-database,9/29/2021,40.529045,-92.934671,-10345440.252760407,4943122.134121882
Roosevelt Regional MSW Landfill,Landfill,Vehicle Fuel - Pipeline Injection,Roosevelt,WA,11/1/2018,6000,https://www.epa.gov/lmop/landfill-gas-energy-project-data-and-landfill-technical-data,2/28/2022,45.805,-120.174,-13377708.48659086,5749155.209939612
"Rumpke SLF, Inc.",Landfill,Vehicle Fuel - Pipeline Injection,Cincinnati,OH,1/1/1986,10417,https://www.epa.gov/lmop/landfill-gas-energy-project-data-and-landfill-technical-data,2/28/2022,39.2745,-84.59822,-9417430.772417333,4761067.964109809
S & S Dairy (CA) Digester,Ag digester,CNG,Visalia,CA,2020,,https://www.epa.gov/agstar/livestock-anaerobic-digester-database,9/29/2021,36.27785194,-119.452067,-13297343.272643998,4338921.03137445
S & S Jerseyland Dairy Digester,Ag digester,Pipeline Gas,Sturgeon Bay,WI,2012,,https://www.epa.gov/agstar/livestock-anaerobic-digester-database,9/29/2021,44.83519,-87.37065,-9726056.268277327,5595612.734178126
Sarpy County SLF,Landfill,Vehicle Fuel - Pipeline Injection,Springfield,NE,7/12/2018,708,https://www.epa.gov/lmop/landfill-gas-energy-project-data-and-landfill-technical-data,2/28/2022,41.0993,-96.1628,-10704793.929255407,5026999.442787952
Sauk Trail Hills Landfill,Landfill,Vehicle Fuel - Pipeline Injection,Canton,MI,8/20/2013,1361,https://www.epa.gov/lmop/landfill-gas-energy-project-data-and-landfill-technical-data,2/28/2022,42.2744,-83.4563,-9290312.819490677,5202172.27074569
Scheenstra Dairy Digester,Ag digester,CNG,Tulare,CA,2021,,https://www.epa.gov/agstar/livestock-anaerobic-digester-database,9/29/2021,36.09427389,-119.3442731,-13285343.710585376,4313601.079595539
Seabreeze Environmental Landfill,Landfill,Industrial - Pipeline Injection,Angleton,TX,3/31/2018,2417,https://www.epa.gov/lmop/landfill-gas-energy-project-data-and-landfill-technical-data,2/28/2022,29.090834,-95.36,-10615426.642046567,3387212.255412844
Seminole Road MSW Landfill,Landfill,Vehicle Fuel - Pipeline Injection,Ellenwood,GA,2/26/2013,412,https://www.epa.gov/lmop/landfill-gas-energy-project-data-and-landfill-technical-data,2/28/2022,33.6552,-84.2525,-9378945.39806028,3982597.2438511895
Seminole Road MSW Landfill,Landfill,Vehicle Fuel - Local Use,Ellenwood,GA,2/26/2013,138,https://www.epa.gov/lmop/landfill-gas-energy-project-data-and-landfill-technical-data,2/28/2022,33.6552,-84.2525,-9378945.39806028,3982597.2438511895
Seneca Landfill Inc.,Landfill,Vehicle Fuel - Pipeline Injection,Evans City,PA,2/1/2011,812,https://www.epa.gov/lmop/landfill-gas-energy-project-data-and-landfill-technical-data,2/28/2022,40.8117,-80.0783,-8914275.579590999,4984607.005287609
Seneca Landfill Inc.,Landfill,Vehicle Fuel - Local Use,Evans City,PA,6/1/2018,56,https://www.epa.gov/lmop/landfill-gas-energy-project-data-and-landfill-technical-data,2/28/2022,40.8117,-80.0783,-8914275.579590999,4984607.005287609
Seneca Meadows SWMF,Landfill,Vehicle Fuel - Pipeline Injection,Waterloo,NY,3/3/2014,4868,https://www.epa.gov/lmop/landfill-gas-energy-project-data-and-landfill-technical-data,2/28/2022,42.91795,-76.84716,-8554586.720109222,5299491.327438516
Skyline LF,Landfill,Vehicle Fuel - Pipeline Injection,Ferris,TX,2/1/2020,3104,https://www.epa.gov/lmop/landfill-gas-energy-project-data-and-landfill-technical-data,2/28/2022,32.549,-96.68,-10762368.369893689,3835593.1250563394
Smithfield Hog Production/Align RNG - Milford Digesters,Ag digester,Pipeline Gas,Milford,UT,2020,433,https://www.epa.gov/agstar/livestock-anaerobic-digester-database,9/29/2021,38.227056,-113.136319,-12594277.421305362,4611551.052480366
Sousa & Sousa Dairy Digester,Ag digester,CNG,Tipton,CA,2019,,https://www.epa.gov/agstar/livestock-anaerobic-digester-database,9/29/2021,36.035561,-119.404754,-13292076.413576094,4305515.61468943
South Shelby Landfill,Landfill,Vehicle Fuel - Pipeline Injection,Memphis,TN,8/18/2020,4368,https://www.epa.gov/lmop/landfill-gas-energy-project-data-and-landfill-technical-data,2/28/2022,34.99809,-89.9189,-10009726.160691286,4163621.5857228483
South Side Landfill Inc.,Landfill,Vehicle Fuel - Local Use,Indianapolis,IN,3/20/2020,4000,https://www.epa.gov/lmop/landfill-gas-energy-project-data-and-landfill-technical-data,2/28/2022,39.72794,-86.20847,-9596682.982467202,4826485.66566204
Southeast OKC Landfill,Landfill,Vehicle Fuel - Pipeline Injection,Oklahoma City,OK,9/24/2018,2618,https://www.epa.gov/lmop/landfill-gas-energy-project-data-and-landfill-technical-data,2/28/2022,35.3972,-97.4592,-10849108.517119808,4217990.906442919
Southern Alleghenies LF; Shade Landfill,Landfill,Vehicle Fuel - Pipeline Injection,,,9/1/2007,1625,https://www.epa.gov/lmop/landfill-gas-energy-project-data-and-landfill-technical-data,2/28/2022,40.12039,-78.80218,-8772218.550999887,4883452.479910277
Southern OK Regional Disposal LF,Landfill,Other - Pipeline Injection,Ardmore,OK,7/5/2018,472,https://www.epa.gov/lmop/landfill-gas-energy-project-data-and-landfill-technical-data,2/28/2022,34.1891,-97.0382,-10802243.01149584,4054221.88702814
St. Landry Parish LF,Landfill,Vehicle Fuel - Local Use,Washington,LA,4/13/2012,188,https://www.epa.gov/lmop/landfill-gas-energy-project-data-and-landfill-technical-data,2/28/2022,30.68627,-92.06458,-10248582.165696599,3592072.006699429
Still Water Ranch Digester,Ag digester,CNG,Hanford,CA,2019,,https://www.epa.gov/agstar/livestock-anaerobic-digester-database,9/29/2021,36.399898,-119.528575,-13305860.10424561,4355787.158041693
Stony Hollow Landfill Inc.,Landfill,Vehicle Fuel - Pipeline Injection,Dayton,OH,5/1/2003,1132,https://www.epa.gov/lmop/landfill-gas-energy-project-data-and-landfill-technical-data,2/28/2022,39.6966,-84.2544,-9379156.905092789,4821950.475349131
T & W Dairy Digester,Ag digester,CNG,Bakersfield,CA,2020,,https://www.epa.gov/agstar/livestock-anaerobic-digester-database,9/29/2021,35.18974349,-119.1055002,-13258763.632942144,4189696.5161133925
Threemile Canyon Farms Digester,Ag digester,Pipeline Gas,Boardman,OR,2012,,https://www.epa.gov/agstar/livestock-anaerobic-digester-database,9/29/2021,45.753967,-119.937021,-13351328.104982158,5741009.539122242
Timberlane Landfill,Landfill,Vehicle Fuel - Pipeline Injection,Oakdale,LA,4/30/2019,778,https://www.epa.gov/lmop/landfill-gas-energy-project-data-and-landfill-technical-data,2/28/2022,30.8669,-92.607,-10308964.083892684,3615475.6117602633
Trilogy Dairy Digester,Ag digester,CNG,Bakersfield,CA,2020,,https://www.epa.gov/agstar/livestock-anaerobic-digester-database,9/29/2021,35.20555272,-119.1974679,-13269001.430475572,4191850.142099997
Turkey Creek Landfill,Landfill,Vehicle Fuel - Pipeline Injection,Alvarado,TX,9/30/2012,847,https://www.epa.gov/lmop/landfill-gas-energy-project-data-and-landfill-technical-data,2/28/2022,32.3562,-97.202,-10820477.144087778,3810158.7695082473
Turnkey Recycling and Environmental Enterprise (TREE),Landfill,Electricity - Pipeline Injection,Rochester,NH,7/1/2009,2778,https://www.epa.gov/lmop/landfill-gas-energy-project-data-and-landfill-technical-data,2/28/2022,43.2448,-70.9695,-7900288.601853228,5349307.443139143
Udder Dairy Digester,Ag digester,CNG,Visalia,CA,2021,,https://www.epa.gov/agstar/livestock-anaerobic-digester-database,9/29/2021,36.31021473,-119.4500501,-13297118.752363015,4343390.825938559
Valadao Dairy Digester,Ag digester,CNG,Hanford,CA,2021,,https://www.epa.gov/agstar/livestock-anaerobic-digester-database,9/29/2021,36.22160215,-119.6245048,-13316538.960733509,4331156.484874589
Valley LF,Landfill,Vehicle Fuel - Pipeline Injection,Irwin,PA,2/27/2004,819,https://www.epa.gov/lmop/landfill-gas-energy-project-data-and-landfill-technical-data,2/28/2022,40.3881,-79.6742,-8869291.373361437,4922501.232963355
Vander Poel Dairy Digester,Ag digester,CNG,Pixley,CA,2019,,https://www.epa.gov/agstar/livestock-anaerobic-digester-database,9/29/2021,35.936517,-119.349512,-13285926.902265694,4291889.721376765
Vander Woude Dairy Digester,Ag digester,CNG,Merced,CA,2021,,https://www.epa.gov/agstar/livestock-anaerobic-digester-database,9/29/2021,37.21832237,-120.5213117,-13416371.048181405,4469581.957715184
Vista Verde Dairy Digester,Ag digester,CNG,Chowchilla,CA,2021,,https://www.epa.gov/agstar/livestock-anaerobic-digester-database,9/29/2021,37.1559021,-120.3877303,-13401500.834753951,4460859.865462689
West River Dairy Digester - CNG,Ag digester,CNG,Morris,MN,2020,,https://www.epa.gov/agstar/livestock-anaerobic-digester-database,9/29/2021,45.586435,-95.914454,-10677148.178994862,5714321.025462112
Western Sky Dairy Digester,Ag digester,CNG,Bakersfield,CA,2021,,https://www.epa.gov/agstar/livestock-anaerobic-digester-database,9/29/2021,35.18868722,-119.106384,-13258862.017108105,4189552.639757783
Westmoreland Waste SLF LLC,Landfill,Vehicle Fuel - Local Use,Belle Vernon,PA,5/11/2020,1396,https://www.epa.gov/lmop/landfill-gas-energy-project-data-and-landfill-technical-data,2/28/2022,40.1443,-79.8593,-8889896.611107271,4886933.772730498
Westside Recycling and Disposal Facility,Landfill,Vehicle Fuel - Pipeline Injection,Three Rivers,MI,1/1/1999,1229,https://www.epa.gov/lmop/landfill-gas-energy-project-data-and-landfill-technical-data,2/28/2022,41.91555,-85.692,-9539189.805057198,5148337.625867959
Windy Ridge Dairy Digester,Ag digester,CNG,Fair Oaks,IN,2006,,https://www.epa.gov/agstar/livestock-anaerobic-digester-database,9/29/2021,41.036301,-87.261441,-9713899.178007284,5017697.528440808
Woodland Meadows Landfill,Landfill,Vehicle Fuel - Pipeline Injection,Wayne,MI,4/23/2018,4563,https://www.epa.gov/lmop/landfill-gas-energy-project-data-and-landfill-technical-data,2/28/2022,42.2652,-83.4315,-9287552.096119003,5200788.272005321
Woolworth Road Landfill,Landfill,Vehicle Fuel - Pipeline Injection,Keithville,LA,10/1/2018,1705,https://www.epa.gov/lmop/landfill-gas-energy-project-data-and-landfill-technical-data,2/28/2022,32.38072,-93.90013,-10452914.657022191,3813390.4536259123
Wreden Ranch Dairy Digester,Ag digester,CNG,Hanford,CA,2021,,https://www.epa.gov/agstar/livestock-anaerobic-digester-database,9/29/2021,36.1930577,-119.6060159,-13314480.785800183,4327218.433358967
